<?xml version="1.0" encoding="UTF-8" standalone="no"?><TaskList Version="2.0"><Task Active="false" ConnectorKind="local" CreationDate="2013-11-26 00:56:10.87 -0500" DueDate="2013-11-26 22:00:00.0 -0500" EndDate="" Estimated="5" Handle="local-4" IssueURL="" Kind="task" Label="Decide Technology" LastModified="now" MarkReadPending="false" ModificationDate="" Notes="Google&#10;Esri&#10;Bing&#10;Yahoo&#10;Open Street map" NotifiedIncoming="true" Owner="local" Priority="P3" Reminded="true" RepositoryUrl="local" ScheduledEndDate="2013-11-28 23:59:59.999 -0500" ScheduledStartDate="2013-11-28 00:00:00.0 -0500" Stale="false" TaskId="4" offlineSyncState="SYNCHRONIZED"/><Task Active="false" ConnectorKind="local" CreationDate="2013-11-26 00:55:32.710 -0500" DueDate="2013-11-28 00:00:00.0 -0500" EndDate="" Estimated="6" Handle="local-3" IssueURL="" Kind="task" Label="Research" LastModified="now" MarkReadPending="false" ModificationDate="" Notes="" NotifiedIncoming="true" Owner="local" Priority="P3" Reminded="true" RepositoryUrl="local" ScheduledEndDate="2013-11-29 23:59:59.999 -0500" ScheduledStartDate="2013-11-29 00:00:00.0 -0500" Stale="false" TaskId="3" offlineSyncState="SYNCHRONIZED"><SubTask Handle="local-4"/></Task><Task Active="false" ConnectorKind="local" CreationDate="2013-11-18 23:56:23.509 -0500" DueDate="2013-11-19 22:00:00.0 -0500" EndDate="" Estimated="8" Handle="local-2" IssueURL="" Kind="task" Label="Setup online databaase" LastModified="now" MarkReadPending="false" ModificationDate="" Notes="" NotifiedIncoming="true" Owner="local" Priority="P3" Reminded="true" RepositoryUrl="local" ScheduledEndDate="2013-11-18 23:59:59.999 -0500" ScheduledStartDate="2013-11-18 00:00:00.0 -0500" Stale="false" TaskId="2" offlineSyncState="SYNCHRONIZED"/><Task Active="false" ConnectorKind="local" CreationDate="2013-11-18 17:52:37.11 -0500" DueDate="2013-11-18 23:00:00.0 -0500" EndDate="" Estimated="3" Handle="local-1" IssueURL="" Kind="task" Label="Write Requirements" LastModified="now" MarkReadPending="false" ModificationDate="" Notes="Application to work save latitude and longitude offlne&#10;Then save the data to the server when online&#10;" NotifiedIncoming="true" Owner="local" Priority="P3" Reminded="true" RepositoryUrl="local" ScheduledEndDate="2013-11-18 23:59:59.999 -0500" ScheduledStartDate="2013-11-18 00:00:00.0 -0500" Stale="false" TaskId="1" offlineSyncState="SYNCHRONIZED"/><TaskCategory Handle="handle-1" Name="Ekal mobile location app"><TaskReference Handle="local-3"/></TaskCategory><TaskCategory Handle="Uncategorized" Name="Uncategorized"><TaskReference Handle="local-2"/><TaskReference Handle="local-1"/></TaskCategory></TaskList>